{
    "device_type": "D435i",
    "imus": [
        {
            "accelerometer": {
                "bias": [
                    -0.03990046585257765,
                    -0.15305842282151125,
                    -0.14051875686446355
                ],
                "scale_and_alignment": [
                    1.009651570559404,
                    0.012479044517531079,
                    0.01231782506262454,
                    -0.0068887265064828075,
                    1.006543276741944,
                    -0.0408712651921197,
                    0.011339910236630205,
                    -0.013407836993624184,
                    1.0076773130967493
                ]
            },
            "gyroscope": {
                "bias": [
                    -0.0013093916310491437,
                    0.00495056783917769,
                    0.001002604004045718
                ],
                "scale_and_alignment": [
                    1.0,
                    0.0,
                    0.0,
                    0.0,
                    1.0,
                    0.0,
                    0.0,
                    0.0,
                    1.0
                ]
            }
        }
    ]
}